<!DOCTYPE qgis_style>
<qgis_style version="1">
  <symbols>
    <symbol alpha="1" name="Kindergarten" clip_to_extent="1" force_rhr="0" type="marker">
      <layer class="SvgMarker" pass="0" enabled="1" locked="0">
        <prop v="0" k="angle"/>
        <prop v="145,82,45,255" k="color"/>
        <prop v="0" k="fixedAspectRatio"/>
        <prop v="1" k="horizontal_anchor_point"/>
        <prop v="C:/Dateiablage_Austausch_19/Themenstadtplan/svg/KiGa.svg" k="name"/>
        <prop v="0,0" k="offset"/>
        <prop v="3x:0,0,0,0,0,0" k="offset_map_unit_scale"/>
        <prop v="MM" k="offset_unit"/>
        <prop v="35,35,35,255" k="outline_color"/>
        <prop v="0" k="outline_width"/>
        <prop v="3x:0,0,0,0,0,0" k="outline_width_map_unit_scale"/>
        <prop v="MM" k="outline_width_unit"/>
        <prop v="diameter" k="scale_method"/>
        <prop v="9" k="size"/>
        <prop v="3x:0,0,0,0,0,0" k="size_map_unit_scale"/>
        <prop v="MM" k="size_unit"/>
        <prop v="1" k="vertical_anchor_point"/>
        <data_defined_properties>
          <Option type="Map">
            <Option name="name" type="QString" value=""/>
            <Option name="properties"/>
            <Option name="type" type="QString" value="collection"/>
          </Option>
        </data_defined_properties>
      </layer>
    </symbol>
  </symbols>
  <colorramps/>
</qgis_style>
